sample_id,B02,B03,B04,B05,B06,B07,B08,B8A,B11,B12,NDVI,NDWI,NDBI,class_name,class_id
1,1265.0,1529.0,1316.0,1536.0,1302.0,1366.0,1317.0,1304.0,1322.0,1213.0,0.0003797949175350368,0.0744905099272728,0.00035579592804424465,vegetation,1
2,2820.0,3045.0,3335.0,3636.0,3714.0,3632.0,3557.0,3804.0,4173.0,3825.0,0.03221125900745392,-0.07755225896835327,0.058628931641578674,built_up,2
3,1678.0,2019.0,2395.0,2639.0,2754.0,2907.0,2871.0,3090.0,3876.0,3542.0,0.09039118885993958,-0.17423312366008759,0.1541266143321991,bare_soil,3
4,1256.0,1347.0,1219.0,1256.0,1289.0,1268.0,1325.0,1366.0,1347.0,1251.0,0.0416666679084301,0.00823353324085474,0.007955077104270458,water,4
5,1717.0,1801.0,1895.0,1984.0,2045.0,2099.0,2060.0,2175.0,2293.0,2071.0,0.04171934351325035,-0.06708106398582458,0.07312889397144318,road,5
6,3274.0,3932.0,3979.0,4263.0,4657.0,4570.0,4679.0,4702.0,4524.0,3958.0,0.08085007965564728,-0.08674950897693634,-0.01830844208598137,built_up,2
7,3600.0,4125.0,4350.0,4717.0,4843.0,4864.0,5021.0,5178.0,4764.0,4005.0,0.07160388678312302,-0.09796632081270218,0.0025514797307550907,built_up,2
8,2792.0,3035.0,3335.0,3580.0,3704.0,3709.0,3539.0,3746.0,3855.0,3394.0,0.029677044600248337,-0.07666565477848053,0.04891158267855644,built_up,2
9,1377.0,1780.0,1524.0,2498.0,4426.0,4890.0,4926.0,5104.0,3511.0,2403.0,0.5274418592453003,-0.46913212537765503,-0.1732412427663803,vegetation,1
10,1276.0,1564.0,1303.0,2069.0,4290.0,4843.0,4848.0,5136.0,3029.0,1919.0,0.5763290524482727,-0.5121647119522095,-0.2274874448776245,vegetation,1
11,1256.0,1572.0,1243.0,2048.0,4578.0,5088.0,5346.0,5267.0,2939.0,1781.0,0.6227045059204102,-0.5455334186553955,-0.2891732454299927,vegetation,1
12,1385.0,1536.0,1372.0,2049.0,3435.0,3765.0,3381.0,4094.0,2688.0,1784.0,0.42268040776252747,-0.37522879242897034,-0.11213675886392593,vegetation,1
13,1738.0,1996.0,2321.0,2546.0,2725.0,2912.0,2994.0,3073.0,3739.0,3408.0,0.1266227662563324,-0.20000000298023224,0.1096324548125267,bare_soil,3
14,2034.0,2255.0,2564.0,2680.0,2766.0,2822.0,2918.0,2835.0,3305.0,3051.0,0.06457497179508209,-0.12816546857357025,0.08920123428106308,road,5
15,1724.0,1824.0,1954.0,2120.0,2396.0,2588.0,2227.0,2613.0,2508.0,2148.0,0.06529538333415985,-0.09948161244392395,0.057553958147764206,road,5
16,1768.0,1834.0,1880.0,2012.0,2126.0,2129.0,2147.0,2273.0,2316.0,2064.0,0.06630245596170425,-0.0786234587430954,0.055589158087968826,road,5
17,1701.0,1822.0,1861.0,2271.0,2413.0,2655.0,2283.0,2636.0,2579.0,2273.0,0.10183397680521011,-0.11230207234621048,0.06752099841833115,road,5
18,1187.0,1278.0,1161.0,1215.0,1224.0,1208.0,1258.0,1267.0,1313.0,1210.0,0.040099214762449265,0.007886434905230999,0.02913370542228222,water,4
19,1161.0,1246.0,1170.0,1163.0,1147.0,1180.0,1163.0,1194.0,1283.0,1217.0,-0.003000428667291999,0.03445412963628769,0.052063167095184326,water,4
20,1190.0,1259.0,1152.0,1201.0,1181.0,1214.0,1248.0,1222.0,1325.0,1198.0,0.03999999910593033,0.004387714434415102,0.026615969836711884,water,4
21,1707.0,2079.0,2447.0,2767.0,3204.0,3326.0,3400.0,3557.0,4058.0,3721.0,0.1629895716905594,-0.241102397441864,0.08892219513654709,bare_soil,3
22,2301.0,2892.0,3668.0,3999.0,4070.0,4168.0,4270.0,4348.0,5374.0,5138.0,0.07583773881196976,-0.1924043595790863,0.11196032911539078,bare_soil,3
23,2377.0,2483.0,2793.0,3922.0,3947.0,3948.0,3447.0,4095.0,4222.0,3721.0,0.10480768978595734,-0.1625632345676422,0.10210992395877838,built_up,2
24,2907.0,3296.0,3532.0,3825.0,3998.0,4050.0,3863.0,4080.0,4217.0,3938.0,0.044759973883628845,-0.07920100539922714,0.05120234563946724,built_up,2
25,1816.0,1922.0,2026.0,2137.0,2208.0,2266.0,2326.0,2361.0,2449.0,2151.0,0.06893382221460342,-0.09510357677936554,0.05248551815748215,road,5
26,2257.0,2438.0,2637.0,2621.0,2666.0,2706.0,2777.0,2800.0,3101.0,2906.0,0.025858884677290916,-0.06500479578971863,0.05662540718913078,road,5
27,2135.0,2383.0,2638.0,2773.0,3055.0,3106.0,2892.0,3222.0,3240.0,2967.0,0.04593128338456154,-0.09649289399385452,0.04732296243309975,road,5
28,1218.0,1274.0,1179.0,1202.0,1173.0,1213.0,1222.0,1246.0,1313.0,1207.0,0.017909204587340355,0.02083333395421505,0.0461043082177639,water,4
29,1241.0,1282.0,1195.0,1243.0,1213.0,1224.0,1254.0,1247.0,1297.0,1229.0,0.024091465398669243,0.011041009798645973,0.021459227427840233,water,4
30,1422.0,1842.0,1582.0,2535.0,4506.0,4881.0,4682.0,4976.0,3381.0,2267.0,0.4948914349079132,-0.4353157579898834,-0.1648939549922943,vegetation,1
31,1330.0,1656.0,1316.0,2198.0,4324.0,4836.0,4955.0,5078.0,2977.0,1873.0,0.5802901983261108,-0.49901679158210754,-0.2479340136051178,vegetation,1
32,1340.0,1809.0,1353.0,2169.0,4901.0,5677.0,5741.0,5933.0,3351.0,2115.0,0.6185508966445923,-0.520794689655304,-0.26198360323905945,vegetation,1
33,1365.0,1826.0,1565.0,2400.0,3807.0,4095.0,4295.0,4397.0,3630.0,2451.0,0.46587032079696655,-0.40336546301841736,-0.08686884492635727,vegetation,1
34,1406.0,1790.0,1653.0,2414.0,3523.0,3789.0,3909.0,4075.0,3503.0,2428.0,0.40560948848724365,-0.3718196153640747,-0.058283064514398575,vegetation,1
35,3151.0,3568.0,3910.0,4199.0,4362.0,4379.0,4107.0,4268.0,4366.0,3890.0,0.02457278221845627,-0.07022801041603088,0.03567497804760933,built_up,2
36,1869.0,2238.0,2138.0,3310.0,4144.0,4350.0,4624.0,4609.0,4023.0,3441.0,0.36764270067214966,-0.34771203994750977,-0.0771571472287178,built_up,2
37,4032.0,4359.0,4491.0,4139.0,4435.0,4385.0,4525.0,4418.0,4470.0,3961.0,0.0037710736505687237,-0.018685277551412582,-0.015207072719931602,built_up,2
38,2105.0,2766.0,3328.0,3804.0,4053.0,4078.0,4136.0,4196.0,4663.0,4089.0,0.10825295001268387,-0.19849319756031036,0.05556625872850418,bare_soil,3
39,1773.0,2125.0,2470.0,2842.0,2975.0,3058.0,3155.0,3286.0,4173.0,3890.0,0.12177778035402298,-0.19507575035095215,0.13813267648220062,bare_soil,3
